1,Lee4an,123456
2,"stevecastillo","t%Lf4sVw&D"
3,"tracy20","#68PUHueA4"
4,"andersonsean","@i3Pw4kt!%"
5,"wperry","b%%O7jGcGI"
6,"danielle95","(8_wOycZ#I"
7,"jenniferberry",")_!5VRsnkS"
8,"danielmiller","(0Gvfw4riH"
9,"jimmy97","$BCY&lOs#8"
10,"michaelwright","#A3Ic0$pRh"
11,"meyermichael","*0SI8E7a$k"
12,"jonathanbarnett","fp^2bIVm8u"
13,"jessicawalsh","pn#8PrZneC"
14,"martinezryan","(9cUz3Vf(Y"
15,"pgilbert","drj#79KrWP"
16,"adamnunez","aGO#w8Pzed"
17,"gpeterson","m66!Ye68*X"
18,"humphreyholly","Bw78GM!b&t"
19,"kevinsmith","5wKVFxX1(A"
20,"barbarasnyder","!C1Xa7D0o7"
21,"adamwallace","*_SfsJT$p2"
22,"blakekyle","mes4Niak1^"
23,"vadams","C6MEOhtT)r"
24,"michaelwilliams","&5DWLvqu56"
25,"imoore","$bTF9q5tf4"
26,"vgibson","7oovnH*i#0"
27,"richardgomez","#EM%3iGdy&"
28,"pfarrell","5Yd+2f5f+n"
29,"jeremy25","*d%Oq$!Uq2"
30,"felicia73","!3Gzubr1Nh"
31,"jason54","xuVD9TbB)3"
32,"cobbmichaela","km10U3CLy!"
33,"pthompson","__2BGpwl4o"
34,"brian84","#+8LhPHw(m"
35,"yubrittney","y2hUxRpW*n"
36,"erik29","$xXgO#2)9s"
37,"andrew10","Q)jAIeyR+0"
38,"taylorshannon","(!00^*SmpN"
39,"chadmiller","ra+bJX3q$0"
40,"tcarroll","@@5Y5qOx7!"
41,"johnsmith","&bHFp(A_9V"
42,"caseylisa","_mL^N1Vvqg"
43,"orichards","!yP7#0Mb^2"
44,"bianca19","!ge0NdFwt*"
45,"udavis","(yy0%MWkh6"
46,"claudiamorrison","Wu&vlCq((7"
47,"jacqueline10","0$9rdppi%O"
48,"diana96","#jV(9jave4"
49,"curtisgonzales","vxpYwye6&5"
50,"emily53","k4E6NHuQ@l"
51,"jamesnguyen","sG6DsmQr!@"
52,"kennethsmith","!di0JJgjR%"
53,"morganking","(1eTuwR!8c"
54,"christina83","j6YN&^rk*+"
55,"bsimpson",")o%pZVUjA1"
56,"ngreen","zCG@5Hwm!H"
57,"pedwards","A4g1Tbsit#"
58,"williamsjustin","EcElAajq!7"
59,"kelleycasey","mh9fDQudV@"
60,"heidi04","X)q7OtMSf&"
61,"justintorres","DC3RQXse@1"
62,"markstevenson","($((1Xljs2"
63,"danielpeterson","Qk$Lq98*@5"
64,"alanmitchell","0iMFn4IF#k"
65,"gvillanueva","u15VfjV%F&"
66,"crystal75","%f4nQR6O&4"
67,"cainmarc","GaJ6GNTe!5"
68,"johnsonshawn","S#6p9Fgn!u"
69,"mcraig","&K8x#CcpBO"
70,"madelineleonard","*!O2XylFs8"
71,"hmills","@6$Z#mUeD&"
72,"tkey","O@LJD6ngtM"
73,"tracymeadows","M%N)1Wcek_"
74,"ybradley","4B_S8LInRj"
75,"evanweber","62x0W9HP^y"
76,"escobarrebecca","p08U+wJ4!F"
77,"joannstewart","Y2ZhUbl8^m"
78,"millsstacy","+@*ZLxg@Q1"
79,"patricia31","7u6I#qux#5"
80,"scottburton","@2D)GErEFT"
81,"william23","3H6p3+x)&a"
82,"jon28","%7hL*rc+Qu"
83,"morgancameron","@T5F(g!d8B"
84,"martinezmichael","&z9L3yVk$^"
85,"serranobrittany","O9FC5YJy!d"
86,"melanie20","^&YHvrwug2"
87,"davidalvarado","Ycie1SQ+l$"
88,"bryanmarquez","57Dtfa^w)+"
89,"operez","qh98LkwB8_"
90,"chelseypotter","_WrPNz(lW4"
91,"tdelacruz","_7B3XGe*Fn"
92,"rayshane","1Jx1DghT@$"
93,"garcianicholas","!)3xC6jfU5"
94,"christine45",")9XHPjr)%L"
95,"kara19","@PSnj+Dxu1"
96,"john38","!5f$Wwe__3"
97,"jackie24","$j21DtJuw_"
98,"ncarter","NX4ZHewEp&"
99,"narroyo","jp5vMyoV$E"
100,"vmiller","dPI364Qw)*"